domain,has_true_live_test,confirmed_working_on_date,register_only,cloudflare_turnstile
10.com.au,false,NULL,false,false
163.com,true,2026-08-24,false,false
17.live,true,2026-08-24,false,false
1news.co.nz,false,NULL,false,false
1tv.ru,true,2026-08-24,false,false
1und1.tv,false,NULL,false,false
20min.ch,true,2026-08-26,false,false
247sports.com,true,2026-08-26,false,false
24tv.ua,true,2026-08-26,false,false
2m.ma,true,NULL,false,true
3cat.cat,true,2026-08-24,false,false
3qsdn.com,true,2026-08-24,false,false
3sat.de,true,2026-08-24,false,false
3speak.tv,false,NULL,false,false
4tube.com,true,NULL,false,false
5-tv.ru,true,2026-08-24,false,false
56.com,true,2026-08-26,false,false
7plus.com.au,false,NULL,false,false
91porn.com,true,2026-08-23,false,false
9c9media,false,NULL,false,false
9gag.com,true,2026-08-24,false,false
9news.com.au,true,2026-08-26,false,false
9now.com.au,false,NULL,false,false
AdobeConnect,false,NULL,false,false
Anvato,false,NULL,false,false
ArcPublishing,false,NULL,false,false
BiliBiliSearch,false,NULL,false,false
CamtasiaEmbed,false,NULL,false,false
DetikEmbed,false,NULL,false,false
ElementorEmbed,false,NULL,false,false
JStream,false,NULL,false,false
OnetMVP,false,NULL,false,false
PlyrEmbed,false,NULL,false,false
SRGSSR,false,NULL,false,false
SibnetEmbed,false,NULL,false,false
UFCTV,false,NULL,false,false
Viously,false,NULL,false,false
VoxMediaVolume,false,NULL,false,false
abc.com,false,NULL,false,false
abc.net.au,true,2026-08-24,false,false
abc7news.com,false,NULL,false,false
abcotvs.com,false,NULL,false,false
abema.tv,false,NULL,false,false
academicearth.org,false,NULL,false,false
academymel.online,false,NULL,false,false
acast.com,true,2026-08-24,false,false
acfun.cn,true,2026-08-24,false,false
adobe.com,true,2026-08-24,false,false
adultswim.com,true,2026-08-24,false,false
aeon.co,true,2026-08-23,false,false
agalega.gal,true,2026-08-26,false,false
ahctv.com,true,2026-08-24,false,false
aitube.kz,true,NULL,false,false
aktualne.cz,true,2026-08-24,false,false
alibaba.com,true,2026-08-24,false,false
aliexpress.com,true,2026-08-26,false,false
aljazeera.net,true,2026-08-24,false,false
allocine.fr,true,2026-08-26,false,false
allstar.gg,true,2026-08-26,false,false
alphaporno.com,true,2026-08-26,false,false
altcensored.com,true,2026-08-24,false,false
alura.com.br,true,NULL,true,false
amadeus.tv,true,2026-08-26,false,false
amara.org,true,2026-08-26,false,false
amazon.co.uk,false,NULL,false,false
amazon.com,true,2026-08-26,false,false
amazon.in,true,2026-08-26,false,false
amazonminitv:season,false,NULL,false,false
amazonminitv:series,false,NULL,false,false
amc.com,false,NULL,false,false
americastestkitchen.com,false,NULL,false,false
anderetijden.nl,false,NULL,false,false
angel.com,true,2026-08-26,false,false
animalplanet.com,true,2026-08-26,false,false
animationdigitalnetwork.com,true,2026-08-26,false,false
animestigma.com,true,2026-08-24,false,false
ant1news.gr,true,2026-08-26,false,false
antenna.gr,true,2026-08-24,false,false
aol.com,false,NULL,false,false
apa.at,true,2026-08-24,false,false
aparat.com,true,2026-08-26,false,false
aph.gov.au,false,NULL,false,false
apple.com,true,2026-08-24,false,false
arbeitsagentur.de,true,2026-08-26,false,false
archive.org,true,2026-08-24,false,false
ardaudiothek.de,true,2026-08-24,false,false
ardmediathek.de,true,2026-08-24,false,false
arnes.si,true,2026-08-24,false,false
art19.com,true,2026-08-24,false,false
arte.tv,true,2026-08-26,false,false
asiancrush.com,true,2026-08-26,false,false
asobistore.jp,true,2026-08-24,false,false
atresplayer.com,true,2026-08-24,false,false
atscaleconference.com,false,NULL,false,false
audi-mediacenter.com,true,2026-08-26,false,false
audioboom.com,true,2026-08-23,false,false
audiodraft.com,true,2026-08-24,false,false
audiomack.com,true,2026-08-26,false,false
audius.co,true,2026-08-24,false,false
audius:track,false,NULL,false,false
baidu.com,false,NULL,false,false
banbye.com,true,2026-08-24,false,false
bandcamp.com,true,2026-08-24,false,false
bandlab.com,true,2026-08-24,false,false
banned.video,true,NULL,false,false
bbc.co.uk,false,NULL,false,false
bbc.com,true,2026-08-24,false,false
bbcollab.com,true,2026-08-23,false,false
bbv-tv.net,false,NULL,false,false
beacon.tv,true,2026-08-24,false,false
beatport.com,true,2026-08-26,false,false
beeg.com,true,2026-08-26,false,false
behindkink.com,true,NULL,false,false
bet.com,false,NULL,false,false
bfi.org.uk,true,2026-08-26,false,false
bfmtv.com,true,2026-08-24,false,false
bibeltv.de,true,2026-08-26,false,false
bigo.tv,false,NULL,false,false
bild.de,true,2026-08-26,false,false
bilibili.com,true,2026-08-24,false,false
bilibili.tv,true,2026-08-24,false,false
biobiochile.cl,true,2026-08-24,false,false
biography.com,false,NULL,false,false
bitchute.com,true,2026-08-24,false,false
bitmovin.com,false,NULL,false,false
bleacherreport.com,true,2026-08-26,false,false
blerp.com,true,2026-08-26,false,false
blogger.com,true,2026-08-26,false,false
bloomberg.com,true,2026-08-23,false,false
bndestem.nl,true,2026-08-24,false,false
bongacams.com,false,NULL,false,false
boosty.to,true,2026-08-24,false,false
bostonglobe.com,true,2026-08-26,false,false
box.com,false,NULL,false,false
boxcast.tv,true,2026-08-24,false,false
bpb.de,true,2026-08-24,false,false
br.de,true,2026-08-26,false,false
brainpop.com,true,2026-08-26,false,false
bravotv.com,false,NULL,false,false
breitbart.com,true,2026-08-24,false,false
brightcove.com,true,2026-08-24,false,false
brightcove.net,false,NULL,false,false
brilliantpala.org,false,NULL,false,false
bsky.app,true,2026-08-24,false,false
bt.no,true,2026-08-26,false,false
btvplus.bg,true,2026-08-26,false,false
buffalobills.com,true,2026-08-24,false,false
bundesliga.com,true,2026-08-24,false,false
businessinsider.com,true,2026-08-26,false,false
buzzfeed.com,false,NULL,false,false
bx1.be,true,2026-08-26,false,false
byutv.org,false,NULL,false,false
c-span.org,true,2026-08-26,false,false
ca.gov,true,2026-08-26,false,false
cam4.com,true,2026-08-26,false,false
camfm.co.uk,true,2026-08-26,false,false
cammodels.com,false,NULL,false,false
camsoda.com,false,NULL,false,false
canal1.com.co,true,2026-08-26,false,false
canalalpha.ch,true,2026-08-26,false,false
canalc2.tv,true,2026-08-24,false,false
canalsurmas.es,true,2026-08-24,false,false
caracoltv.com,false,NULL,false,false
cbc.ca,true,2026-08-24,false,false
cbs.com,false,NULL,false,false
cbsnews.com,true,2026-08-24,false,false
cbssports.com,true,2026-08-26,false,false
cc.com,false,NULL,false,false
ccc.de,true,2026-08-24,false,false
cda.pl,true,2026-08-26,false,false
cellebrite.com,true,2026-08-26,false,false
ceskatelevize.cz,false,NULL,false,false
cgtn.com,true,2026-08-24,false,false
charlierose.com,true,2026-08-24,false,false
chaturbate.com,false,NULL,false,false
chilloutzone.net,true,2026-08-24,false,false
cielotv.it,false,NULL,false,false
cinemax.com,true,2026-08-26,false,false
cinetecamilano.it,true,2026-08-26,false,false
cisco.com,true,NULL,true,false
cjsw.com,true,2026-08-26,false,false
clip.rs,true,2026-08-24,false,false
clipchamp.com,false,NULL,false,false
closertotruth.com,false,NULL,false,false
cloudflarestream.com,true,2026-08-24,false,false
cloudycdn.services,true,2026-08-24,false,false
clubdam.com,false,NULL,false,false
clubic.com,true,2026-08-26,false,false
clyp.it,true,2026-08-24,false,false
cnbc.com,true,2026-08-24,false,false
cnn.com,true,2026-08-24,false,false
cnnindonesia.com,true,2026-08-26,false,false
cntv.cn,true,2026-08-24,false,false
conanclassic.com,false,NULL,false,false
cookingchanneltv.com,true,2026-08-24,false,false
corriere.it,true,2026-08-24,false,false
coub.com,true,2026-08-24,false,false
cozy.tv,false,NULL,false,false
cp24.com,false,NULL,false,false
cpac.ca,true,2026-08-26,false,false
cracked.com,true,2026-08-26,false,false
craftsy.com,false,NULL,false,false
croatian.film,false,NULL,false,false
crooksandliars.com,true,2026-08-24,false,false
crowdbunker.com,false,NULL,false,false
crtvg.es,false,NULL,false,false
cts.com.tw,true,2026-08-26,false,false
ctvnews.ca,true,2026-08-24,false,false
cultureunplugged.com,true,2026-08-24,false,false
curiositystream.com,false,NULL,false,false
cybrary.it,true,2026-08-26,false,false
d.tube,true,2026-08-26,false,false
dacast.com,true,2026-08-24,false,false
dagbladet.no,false,NULL,false,false
dailymail.co.uk,true,2026-08-24,false,false
dailymotion.com,true,2026-08-24,false,false
dailywire.com,true,2026-08-26,false,false
dangalplay.com,true,2026-08-26,false,false
daum.net,true,2026-08-26,false,false
daystar.tv,true,2026-08-26,false,false
dbtg.tv,true,2026-08-23,false,false
dctp.tv,true,2026-08-24,false,false
debian.social,false,NULL,false,false
democracynow.org,true,2026-08-24,false,false
destinationamerica.com,true,2026-08-26,false,false
deutschlandfunk.de,true,2026-08-24,false,false
dfb.de,true,2026-08-26,false,false
dhm.de,true,2026-08-26,false,false
digitalconcerthall.com,false,NULL,false,false
discogs.com,false,NULL,false,false
discovery.com,true,2026-08-24,false,false
discoverylife.com,true,2026-08-24,false,false
discoveryplus.com,true,NULL,true,false
discoveryplus.in,false,NULL,false,false
discoveryplus.it,false,NULL,false,false
disney.com,false,NULL,false,false
dispeak.com,true,2026-08-26,false,false
dlive.tv,true,NULL,false,false
dmax.de,false,NULL,false,false
dood.to,true,2026-08-26,false,false
douyin.com,true,2026-08-26,false,false
douyu.com,true,2026-08-26,false,false
dplay.se,true,2026-08-26,false,false
dr.dk,true,2026-08-26,false,false
dropbox.com,true,2026-08-24,false,false
dropout.tv,true,2026-08-26,false,false
drtalks.com,true,2026-08-26,false,false
drtuber.com,true,2026-08-26,false,false
duboku.io,false,NULL,false,false
dumpert.nl,true,2026-08-26,false,false
duoplay.ee,true,2026-08-26,false,false
dw.com,true,2026-08-24,false,false
ebaumsworld.com,true,2026-08-26,false,false
ebay.com,false,NULL,false,false
een.be,false,NULL,false,false
egghead.io,false,NULL,false,false
eggs.mu,true,2026-08-24,false,false
einthusan.tv,true,2026-08-24,false,false
elpais.com,true,2026-08-26,false,false
eltrecetv.com.ar,true,2026-08-24,false,false
embedly.com,true,2026-08-23,false,false
empflix.com,true,2026-08-26,false,false
epicon.in,true,2026-08-26,false,false
epidemicsound.com,true,2026-08-24,false,false
eplus.jp,false,NULL,false,false
eporner.com,true,2026-08-26,false,false
erinn.biz,true,2026-08-26,false,false
erocast.me,true,2026-08-26,false,false
eroprofile.com,true,NULL,true,false
err.ee,true,2026-08-24,false,false
ert.gr,false,NULL,false,false
ertflix.gr,false,NULL,false,false
ertflix:codename,false,NULL,false,false
espn.com,false,NULL,false,false
espncricinfo.com,false,NULL,false,false
ethnos.gr,true,2026-08-24,false,false
ettu.tv,true,2026-08-26,false,false
europa.eu,true,2026-08-24,false,false
europeantour.com,false,NULL,false,false
eurosport.com,true,2026-08-24,false,false
euscreen.eu,false,NULL,false,false
ewe.de,false,NULL,false,false
expressen.se,true,2026-08-24,false,false
facebook.com,true,2026-08-24,false,false
fancode.com,true,2026-08-26,false,false
fathom.video,true,2026-08-24,false,false
faz.net,true,2026-08-26,false,false
fc-zenit.ru,true,2026-08-24,false,false
fc2.com,true,2026-08-23,false,false
fifa.com,false,NULL,false,false
filemoon.sx,false,NULL,false,false
filmarchiv.at,true,2026-08-24,false,false
filmon.com,true,2026-08-24,false,false
filmweb.no,true,2026-08-26,false,false
finna.fi,false,NULL,false,false
fivethirtyeight.com,false,NULL,false,false
flextv.co.kr,false,NULL,false,false
flickr.com,true,2026-08-26,false,false
floatplane.com,false,NULL,false,false
foodnetwork.com,true,2026-08-26,false,false
footyroom.com,false,NULL,false,false
formula1.com,true,2026-08-24,false,false
fox.com,false,NULL,false,false
fox9.com,true,2026-08-23,false,false
foxnews.com,true,2026-08-26,false,false
foxsports.com,false,NULL,false,false
fptplay.vn,true,NULL,false,false
framatube.org,true,2026-08-24,false,false
france.tv,true,2026-08-26,false,false
francetv,false,NULL,false,false
francetvinfo.fr,true,2026-08-24,false,false
freesound.org,true,2026-08-23,false,false
freespeech.org,true,2026-08-26,false,false
freetv.com,true,2026-08-26,false,false
frontendmasters.com,true,NULL,true,false
ft.dk,false,NULL,false,false
funk.net,true,2026-08-26,false,false
funker530.com,true,2026-08-26,false,false
fux.com,false,NULL,false,false
fuyin.tv,true,2026-08-24,false,false
gab.com,true,2026-08-24,false,false
gaia.com,false,NULL,false,false
gamedev.tv,true,2026-08-26,false,false
gamejolt.com,true,2026-08-24,false,false
gamespot.com,true,2026-08-26,false,false
gamestar.de,true,2026-08-26,false,false
gaskrank.tv,true,2026-08-24,false,false
gazeta.ru,true,2026-08-26,false,false
gbnews.com,true,2026-08-24,false,false
gdcvault.com,true,2026-08-24,false,false
genius.com,true,2026-08-24,false,false
geniuskitchen.com,false,NULL,false,false
germanupa.de,true,2026-08-24,false,false
getcourse.ru,false,NULL,false,false
gettr.com,true,2026-08-24,false,false
giantbomb.com,true,2026-08-26,false,false
glattvision.ch,false,NULL,false,false
glide.me,true,2026-08-26,false,false
globalplayer.com,true,2026-08-24,false,false
globo.com,false,NULL,false,false
glomex.com,false,NULL,false,false
gmanetwork.com,true,2026-08-26,false,false
go.com,false,NULL,false,false
godresource.com,true,2026-08-24,false,false
godtube.com,true,2026-08-26,false,false
gofile.io,false,NULL,false,false
golem.de,true,2026-08-24,false,false
goodgame.ru,false,NULL,false,false
google.com,true,2026-08-24,false,false
gopro.com,true,2026-08-26,false,false
gotostage.com,true,2026-08-26,false,false
graspop.be,true,2026-08-24,false,false
gronkh.tv,false,NULL,false,false
groupon.com,false,NULL,false,false
h-its.org,true,NULL,false,false
harpodeon.com,true,2026-08-24,false,false
hbo.com,true,2026-08-26,false,false
hearthis.at,true,2026-08-24,false,false
heise.de,true,2026-08-26,false,false
hellporno.com,true,2026-08-24,false,false
helsinkikanava.fi,true,2026-08-26,false,false
hessenschau.de,true,2026-08-24,false,false
hetklokhuis.nl,false,NULL,false,false
hgtv.ca,false,NULL,false,false
hgtv.com,true,2026-08-24,false,false
hidive.com,false,NULL,false,false
historicfilms.com,true,2026-08-26,false,false
history.com,false,NULL,false,false
history:player,false,NULL,false,false
historyvault.com,false,NULL,false,false
hitrecord.org,true,2026-08-24,false,false
hockeycanada.ca,false,NULL,false,false
hollywoodreporter.com,false,NULL,false,false
holodex.net,true,2026-08-23,false,false
hotnewhiphop.com,true,2026-08-26,false,false
hotstar.com,false,NULL,false,false
hrt.hr,true,NULL,true,false
hse.de,true,2026-08-24,false,false
html5,false,NULL,false,false
huajiao.com,true,2026-08-26,false,false
huffingtonpost.com,false,NULL,false,false
hungama.com,true,2026-08-26,false,false
huya.com,true,2026-08-24,false,false
hypem.com,true,2026-08-24,false,false
hypergryph.com,true,2026-08-24,false,false
hytale.com,false,NULL,false,false
idagio.com,true,2026-08-24,false,false
iflix.com,true,2026-08-24,false,false
ign.com,true,2026-08-26,false,false
iheart.com,true,2026-08-24,false,false
ilpost.it,true,2026-08-26,false,false
iltalehti.fi,true,2026-08-24,false,false
imdb.com,true,2026-08-26,false,false
imgur.com,true,2026-08-24,false,false
ina.fr,true,2026-08-24,false,false
inc.com,false,NULL,false,false
indavideo.hu,true,2026-08-26,false,false
india.com,true,2026-08-23,false,false
infoq.com,true,2026-08-24,false,false
instagram.com,true,2026-08-24,false,false
internazionale.it,true,2026-08-24,false,false
investigationdiscovery.com,true,2026-08-24,false,false
iol.pt,true,2026-08-24,false,false
iprima.cz,false,NULL,false,false
iq.com,true,2026-08-26,false,false
iqiyi.com,true,2026-08-26,false,false
islamchannel.tv,true,2026-08-26,false,false
israelnationalnews.com,false,NULL,false,false
itpro.tv,true,NULL,true,false
itv.com,false,NULL,false,false
ivi.ru,true,2026-08-26,false,false
ivideon.com,false,NULL,false,false
ivoox.com,true,2026-08-24,false,false
iwara.tv,true,2026-08-23,false,false
ixigua.com,true,2026-08-26,false,false
jable.tv,true,2026-08-26,false,false
jamendo.com,true,2026-08-24,false,false
jeuxvideo.com,true,2026-08-26,false,false
jiosaavn.com,true,2026-08-24,false,false
joj.sk,true,2026-08-26,false,false
jove.com,true,2026-08-26,false,false
jtbc.co.kr,true,2026-08-24,false,false
jwplatform.com,true,2026-08-24,false,false
kakao.com,true,NULL,false,false
kaltura.com,true,2026-08-24,false,false
kankanews.com,true,2026-08-26,false,false
karaoketv.co.il,false,NULL,false,false
kelbyone.com,false,NULL,false,false
kenh14.vn,true,2026-08-24,false,false
khanacademy.org,true,2026-08-26,false,false
kick.com,true,NULL,false,false
kicker.de,true,NULL,false,false
kickstarter.com,true,NULL,false,false
kika.de,true,2026-08-24,false,false
kinopoisk.ru,true,NULL,false,false
kommunetv.no,true,2026-08-23,false,false
kompas.com,true,NULL,false,false
krasview.ru,true,2026-08-24,false,false
kth.se,true,2026-08-24,false,false
ku6.com,true,NULL,false,false
kuwo.cn,true,NULL,false,false
kylrth.com,true,NULL,false,false
la7.it,true,2026-08-24,false,false
ladigitale.dev,true,NULL,false,false
laracasts.com,true,NULL,false,false
last.fm,true,2026-08-23,false,false
lastampa.it,true,NULL,false,false
laxarxames.cat,true,NULL,true,false
lbry.tv,true,2026-08-24,false,false
lcp.fr,false,NULL,false,false
le.com,true,NULL,false,false
learningonscreen.ac.uk,true,NULL,false,false
lecturio.com,true,NULL,true,false
lecturio.de,false,NULL,false,false
lefigaro.fr,true,NULL,false,false
lego.com,true,2026-08-24,false,false
leitv.it,true,2026-08-24,false,false
lemonde.fr,true,NULL,false,false
lenta.ru,false,NULL,false,false
libsyn.com,true,2026-08-24,false,false
life.ru,true,NULL,false,false
likee.video,true,NULL,false,false
linkedin.com,true,2026-08-24,false,false
liputan6.com,true,2026-08-24,false,false
listennotes.com,true,NULL,false,false
litv.tv,true,NULL,false,false
livejournal.com,true,NULL,false,false
livestreamfails.com,true,2026-08-24,false,false
livr.jp,true,NULL,false,false
lnk.lt,false,NULL,false,false
loc.gov,true,NULL,false,false
locipo.jp,true,NULL,false,false
loco.com,true,2026-08-23,false,false
loom.com,true,2026-08-24,false,false
lovehomeporn.com,true,2026-08-24,false,false
lrt.lt,true,2026-08-24,false,false
lsm.lv,true,NULL,false,false
lumni.fr,true,NULL,false,false
m-net.de,false,NULL,false,false
maariv.co.il,true,2026-08-24,false,false
magellantv.com,false,NULL,false,false
magentamusik.de,true,NULL,false,false
mail.ru,true,2026-08-23,false,false
mangomolo.com,true,2026-08-24,false,false
mangomolo:live,false,NULL,false,false
manyvids.com,true,NULL,false,false
maoritelevision.com,true,NULL,false,false
markiza.sk,true,NULL,false,false
massengeschmack.tv,true,2026-08-24,false,false
masters.com,true,2026-08-24,false,false
matchi.tv,true,2026-08-24,false,false
matchtv.ru,false,NULL,false,false
mave.digital,true,NULL,false,false
mbc.net,false,NULL,false,false
mbn.co.kr,true,2026-08-24,false,false
mdr.de,false,NULL,false,false
mdstrm.com,false,NULL,false,false
medal.tv,true,2026-08-24,false,false
media,false,NULL,false,false
mediadelivery.net,false,NULL,false,false
mediaite.com,false,NULL,false,false
mediaklikk.hu,true,NULL,false,false
mediaset.it,true,NULL,false,false
mediasite.com,false,NULL,false,false
mediaworks.nz,true,2026-08-24,false,false
medici.tv,true,2026-08-24,false,false
megaphone.fm,true,2026-08-24,false,false
megatv.com,true,2026-08-24,false,false
meipai.com,true,NULL,false,false
mellow-fan.com,true,2026-08-24,false,false
melon.com,false,NULL,false,false
metacritic.com,true,NULL,false,false
mewatch.sg,false,NULL,false,false
mgtv.com,false,NULL,false,false
microsoft.com,true,2026-08-24,false,false
minds.com,true,NULL,false,false
mir24.tv,true,2026-08-24,false,false
mirrativ.com,false,NULL,false,false
mirror.co.uk,true,NULL,false,false
misis.ru,false,NULL,false,false
mit.edu,true,NULL,false,false
mixch.tv,true,2026-08-24,false,false
mixcloud.com,false,NULL,false,false
mixlr.com,true,NULL,false,false
mlb.com,true,2026-08-24,false,false
mlssoccer.com,false,NULL,false,false
mocha.com.vn,true,NULL,false,false
mojevideo.sk,true,2026-08-24,false,false
monstercat.com,false,NULL,false,false
motorsport.com,false,NULL,false,false
moviefap.com,true,2026-08-24,false,false
moviepilot.de,true,2026-08-24,false,false
msn.com,true,NULL,false,false
msvdn.net,true,NULL,false,false
mtv.com,false,NULL,false,false
mtv.fi,false,NULL,false,false
mtvuutiset.fi,false,NULL,false,false
muenchen.tv,false,NULL,false,false
mujrozhlas.cz,true,NULL,false,false
murrtube.net,true,NULL,false,false
muse.ai,true,NULL,false,false
musescore.com,true,NULL,false,false
musicdex.org,false,NULL,false,false
mx3.ch,true,NULL,false,false
mxplayer.in,false,NULL,false,false
mycanal.fr,true,NULL,false,false
myspace.com,true,2026-08-24,false,false
myspass.de,true,NULL,false,false
myvideo.ge,true,2026-08-24,false,false
myvidster.com,true,NULL,false,false
mzaalo.com,false,NULL,false,false
n-joy.de,true,NULL,false,false
n-tv.de,true,NULL,false,false
n1info.rs,true,2026-08-24,false,false
nascar.com,true,2026-08-24,false,false
nate.com,false,NULL,false,false
nationalgeographic.com,false,NULL,false,false
naver.com,true,2026-08-24,false,false
nba.com,true,NULL,false,false
nbc.com,false,NULL,false,false
nbclosangeles.com,true,2026-08-24,false,false
nbcnews.com,true,2026-08-24,false,false
nbcolympics.com,true,NULL,false,false
nbcsports.com,true,NULL,false,false
ndr.de,false,NULL,false,false
ndtv.com,true,2026-08-23,false,false
nebula.tv,true,2026-08-24,false,false
nekohacker.com,false,NULL,false,false
nest.com,true,2026-08-24,false,false
net.tr,true,2026-08-24,false,false
netapp.com,true,NULL,false,false
netplus.tv,false,NULL,false,false
netzkino.de,true,NULL,false,false
newgrounds.com,true,NULL,false,false
newspicks.com,true,2026-08-23,false,false
newsy.com,false,NULL,false,false
nexx.cloud,true,NULL,false,false
nfb.ca,false,NULL,false,false
nfhsnetwork.com,true,2026-08-24,false,false
nfl.com,false,NULL,false,false
nhk.or.jp,true,2026-08-24,false,false
nhl.com,true,NULL,false,false
nick.com,false,NULL,false,false
nicochannel.jp,false,NULL,false,false
nicovideo.jp,false,NULL,false,false
nicovideo:search,false,NULL,false,false
nicovideo:search:date,false,NULL,false,false
ninaprotocol.com,false,NULL,false,false
nintendo.com,true,NULL,false,false
nls.uk,true,NULL,false,false
nobelprize.org,true,2026-08-24,false,false
noice.id,true,NULL,false,false
nonktube.com,false,NULL,false,false
noodlemagazine.com,true,NULL,false,false
nos.nl,true,2026-08-24,false,false
nova.bg,true,NULL,false,false
nova.cz,true,NULL,false,false
nowcanal.pt,true,2026-08-24,false,false
nowness.com,true,2026-08-24,false,false
noz.de,true,NULL,false,false
npo.nl,true,NULL,false,false
npr.org,true,NULL,false,false
nrk.no,true,2026-08-24,false,false
nrl.com,false,NULL,false,false
nts.live,true,2026-08-24,false,false
ntv.co.jp,true,NULL,false,false
ntv.ru,true,2026-08-24,false,false
nubiles-porn.com,true,NULL,false,false
nuvid.com,true,2026-08-24,false,false
nytimes.com,true,2026-08-24,false,false
nzherald.co.nz,true,2026-08-24,false,false
nzonscreen.com,false,NULL,false,false
nzz.ch,false,NULL,false,false
odysee.com,false,NULL,false,false
of.tv,true,NULL,false,false
ok.ru,true,2026-08-24,false,false
oktoberfest-tv.de,false,NULL,false,false
olympics.com,true,2026-08-24,false,false
omny.fm,true,2026-08-24,false,false
omroepwnl.nl,false,NULL,false,false
on24.com,true,NULL,false,false
ondemandchina.com,true,NULL,false,false
ondemandkorea.com,true,2026-08-24,false,false
onefootball.com,false,NULL,false,false
onepeloton.com,false,NULL,false,false
oneplace.com,true,2026-08-24,false,false
onet.pl,true,NULL,false,false
onet.tv,true,NULL,false,false
onsen.ag,true,2026-08-24,false,false
openrec.tv,true,NULL,false,false
orf.at,true,2026-08-24,false,false
osnatel.de,false,NULL,false,false
oth-regensburg.de,false,NULL,false,false
outsidetv.com,true,2026-08-24,false,false
p3.no,true,NULL,false,false
packtpub.com,true,NULL,false,false
palcomp3.com,true,2026-08-24,false,false
palcomp3.com.br,false,NULL,false,false
pandalive.co.kr,true,NULL,false,false
panopto.com,true,2026-08-24,false,false
paramountpressexpress.com,true,NULL,false,false
parler.com,true,NULL,false,false
parliamentlive.tv,true,2026-08-24,false,false
parti.com,false,NULL,false,false
patreon.com,true,2026-08-24,false,false
pbs.org,true,2026-08-24,false,false
pbskids.org,true,NULL,false,false
pearvideo.com,true,NULL,false,false
peekvids.com,true,NULL,false,false
peer.tv,true,NULL,false,false
performgroup.com,true,NULL,false,false
periscope.tv,true,2026-08-24,false,false
pgatour.com,false,NULL,false,false
philharmoniedeparis.fr,true,2026-08-24,false,false
phoenix.de,true,NULL,false,false
photobucket.com,true,NULL,false,false
pia-live.jp,false,NULL,false,false
piapro.jp,true,2026-08-24,false,false
picarto.tv,true,2026-08-24,false,false
piksel.tech,true,2026-08-24,false,false
pinkbike.com,true,NULL,false,false
pinterest.ca,false,NULL,false,false
pinterest.com,true,2026-08-24,false,false
platzi.com,true,NULL,true,false
play.tv,false,NULL,false,false
player.fm,true,2026-08-24,false,false
player.sky.it,false,NULL,false,false
playsuisse.ch,true,NULL,false,false
playtvak.cz,true,NULL,false,false
playvids.com,true,NULL,false,false
pluralsight.com,true,NULL,true,false
pluto.tv,true,NULL,false,false
podbay.fm,true,NULL,false,false
podchaser.com,true,2026-08-24,false,false
podomatic.com,true,NULL,false,false
pokergo.com,false,NULL,false,false
polsatgo.pl,true,NULL,false,false
polskieradio.pl,true,2026-08-24,false,false
popcorntimes.tv,true,NULL,false,false
popcorntv.it,true,NULL,false,false
pornbox.com,true,NULL,false,false
pornerbros.com,false,NULL,false,false
pornflip.com,false,NULL,false,false
pornhub.com,true,2026-08-24,false,false
pornotube.com,true,NULL,false,false
pornovoisines.com,true,NULL,false,false
pornoxo.com,true,NULL,false,false
porntop.com,true,2026-08-24,false,false
porntube.com,true,2026-08-24,false,false
pr0gramm.com,true,NULL,false,false
prankcast.com,true,2026-08-24,false,false
premiershiprugby.com,true,NULL,false,false
presstv.ir,true,NULL,false,false
projectveritas.com,true,NULL,false,false
prx.org,true,NULL,false,false
prxseries:search,false,NULL,false,false
prxstories:search,false,NULL,false,false
puhutv.com,true,NULL,false,false
pyvideo.org,true,2026-08-24,false,false
q-dance.com,true,NULL,false,false
qingting.fm,true,2026-08-24,false,false
qq.com,true,NULL,false,false
quantum-tv.com,false,NULL,false,false
r7.com,true,NULL,false,false
rad.live,true,NULL,false,false
radiko.jp,false,NULL,false,false
radio-canada.ca,false,NULL,false,false
radio.de,false,NULL,false,false
radio1.be,false,NULL,false,false
radiofrance.fr,true,2026-08-24,false,false
radiojavan.com,true,NULL,false,false
radiokapital.pl,true,NULL,false,false
radioradicale.it,true,2026-08-24,false,false
radiozet.pl,true,NULL,false,false
rai.it,false,NULL,false,false
raicultura.it,false,NULL,false,false
rainews.it,false,NULL,false,false
raiplay.it,true,2026-08-24,false,false
raiplaysound.it,true,2026-08-24,false,false
raywenderlich.com,false,NULL,false,false
rcs.it,true,2026-08-24,false,false
rctiplus.com,true,2026-08-24,false,false
rds.ca,true,NULL,false,false
redbull.com,true,NULL,false,false
redbull.tv,true,NULL,false,false
reddit.com,true,2026-08-24,false,false
redgifs.com,true,2026-08-24,false,false
redtube.com,true,2026-08-24,false,false
ren.tv,true,2026-08-23,false,false
restudy.dk,false,NULL,false,false
retrocrush.tv,true,NULL,false,false
reuters.com,true,NULL,false,false
reverbnation.com,true,2026-08-24,false,false
rfi.fr,true,2026-08-24,false,false
ridehome.info,false,NULL,false,false
rinse.fm,true,2026-08-24,false,false
rockstargames.com,true,NULL,false,false
rokfin.com,true,2026-08-24,false,false
rokfin:search,false,NULL,false,false
roosterteeth.com,false,NULL,false,false
rottentomatoes.com,true,2026-08-24,false,false
roya.tv,true,2026-08-24,false,false
rozhlas.cz,true,NULL,false,false
rt.com,false,NULL,false,false
rtbf.be,true,NULL,false,false
rte.ie,true,NULL,false,false
rtl.lu,true,NULL,false,false
rtl2.de,false,NULL,false,false
rtlxl.nl,true,NULL,false,false
rtp.pt,true,NULL,false,false
rtrfm.com.au,true,NULL,false,false
rts.ch,true,2026-08-24,false,false
rtvc.gov.co,false,NULL,false,false
rtvcplay.co,true,2026-08-24,false,false
rtve.es,true,2026-08-24,false,false
rtvs.sk,true,2026-08-24,false,false
rtvslo.si,true,2026-08-24,false,false
rudo.video,true,2026-08-24,false,false
ruhr-uni-bochum.de,true,2026-08-24,false,false
rule34video.com,true,2026-08-24,false,false
rumble.com,true,NULL,false,false
ruptly.tv,false,NULL,false,false
rutube.ru,false,NULL,false,false
rutube:movie,false,NULL,false,false
ruutu.fi,true,NULL,false,false
ruv.is,true,NULL,false,false
s4c.cymru,true,2026-08-24,false,false
sachsen.de,true,2026-08-24,false,false
safaribooksonline.com,true,NULL,false,false
saitosan.net,false,NULL,false,false
saktv.ch,false,NULL,false,false
salt.ch,false,NULL,false,false
samplefocus.com,true,NULL,false,false
sangiin.go.jp,true,NULL,false,false
sapo.pt,true,2026-08-24,false,false
sauceplus.com,false,NULL,false,false
sba.sa,true,2026-08-24,false,false
sbs.co.kr,true,NULL,false,false
sbs.com.au,true,NULL,false,false
schooltv.nl,false,NULL,false,false
sciebo.de,true,NULL,false,false
sciencechannel.com,true,2026-08-24,false,false
screen9.com,true,2026-08-24,false,false
screencast-o-matic.com,true,NULL,false,false
screencast.com,true,2026-08-24,false,false
screencastify.com,false,NULL,false,false
screenrec.com,false,NULL,false,false
scrolller.com,true,NULL,false,false
sejm.gov.pl,false,NULL,false,false
sen.com,true,2026-08-23,false,false
senalcolombia.tv,false,NULL,false,false
senate.gov,true,2026-08-24,false,false
servustv.com,false,NULL,false,false
sexu.com,true,NULL,false,false
seznamzpravy.cz,false,NULL,false,false
sharepoint.com,true,2026-08-24,false,false
shemaroome.com,false,NULL,false,false
shiey.com,false,NULL,false,false
showroom-live.com,true,2026-08-24,false,false
shugiintv.go.jp,false,NULL,false,false
simplecast.com,true,2026-08-24,false,false
sina.com.cn,true,2026-08-24,false,false
skeb.jp,true,2026-08-24,false,false
sky.com,true,NULL,false,false
sky.it,false,NULL,false,false
skylinewebcams.com,false,NULL,false,false
skynews.com.au,false,NULL,false,false
skynewsarabia.com,false,NULL,false,false
skysports.com,true,NULL,false,false
slideshare.net,true,NULL,false,false
slideslive.com,false,NULL,false,false
slutload.com,true,NULL,false,false
smotrim.ru,true,NULL,false,false
snagfilms.com,true,NULL,true,false
snapchat.com,true,2026-08-24,false,false
softwhiteunderbelly.com,true,NULL,false,false
sohu.com,true,2026-08-24,false,false
sonyliv.com,false,NULL,false,false
sooplive.com,false,NULL,false,false
soundcloud.com,true,2026-08-24,false,false
soundcloud:search,false,NULL,false,false
soundgasm.net,true,2026-08-24,false,false
southpark.de,false,NULL,false,false
southpark.lat,false,NULL,false,false
southparkstudios.co.uk,false,NULL,false,false
southparkstudios.com.br,false,NULL,false,false
southparkstudios.nu,false,NULL,false,false
sovietscloset.com,true,2026-08-23,false,false
spankbang.com,true,NULL,false,false
spiegel.de,true,2026-08-24,false,false
sport5.co.il,true,NULL,false,false
sportbox.ru,false,NULL,false,false
sporteurope.tv,true,NULL,false,false
spreaker.com,true,2026-08-24,false,false
sproutvideo.com,true,2026-08-24,false,false
sr-mediathek.de,true,NULL,false,false
srf.ch,true,2026-08-24,false,false
stacommu.jp,false,NULL,false,false
stage-plus.com,false,NULL,false,false
startrek.com,true,NULL,false,false
startv.com.tr,true,NULL,false,false
steamcommunity.com,false,NULL,false,false
steampowered.com,false,NULL,false,false
storyfire.com,false,NULL,false,false
streaks.jp,true,2026-08-24,false,false
stream.new,true,2026-08-24,false,false
streamable.com,true,2026-08-24,false,false
streetvoice.com,true,2026-08-23,false,false
stripchat.com,false,NULL,false,false
stv.tv,true,NULL,false,false
subsplash.com,true,2026-08-24,false,false
substack.com,true,2026-08-24,false,false
sunporno.com,true,NULL,false,false
sverigesradio.se,true,NULL,false,false
svt.se,false,NULL,false,false
svtplay.se,false,NULL,false,false
swipeto.pl,true,NULL,false,false
sxyprn.com,false,NULL,false,false
syfy.com,false,NULL,false,false
sztv.hu,true,NULL,false,false
t-online.de,true,NULL,false,false
t.me,true,2026-08-24,false,false
t13.cl,true,NULL,false,false
tagesschau.de,true,2026-08-24,false,false
taptap.cn,false,NULL,false,false
taptap.io,false,NULL,false,false
tarangplus.in,true,NULL,false,false
tass.ru,true,NULL,false,false
tbs.co.jp,true,NULL,false,false
tbs.com,false,NULL,false,false
teachable.com,false,NULL,false,false
teachertube.com,true,2026-08-23,false,false
teachingchannel.org,false,NULL,false,false
teamcoco.com,true,2026-08-24,false,false
teamtreehouse.com,true,2026-08-24,false,false
ted.com,true,2026-08-24,false,false
tele-task.de,false,NULL,false,false
tele5.de,true,NULL,false,false
telecaribe.co,false,NULL,false,false
telecinco.es,true,2026-08-24,false,false
telegraaf.nl,false,NULL,false,false
telemb.be,true,2026-08-24,false,false
telemundo.com,false,NULL,false,false
telequebec.tv,true,NULL,false,false
televizeseznam.cz,true,2026-08-24,false,false
telewebion.ir,false,NULL,false,false
telezueri.ch,false,NULL,false,false
tennistv.com,false,NULL,false,false
tf1.fr,false,NULL,false,false
tf1info.fr,false,NULL,false,false
tfo.org,true,NULL,false,false
theater-complex.town,false,NULL,false,false
thechosen.tv,false,NULL,false,false
theepochtimes.com,true,2026-08-24,false,false
theguardian.com,true,NULL,false,false
thehighwire.com,true,2026-08-24,false,false
theintercept.com,true,NULL,false,false
theplatform.com,true,NULL,false,false
thestar.com,false,NULL,false,false
thesun.co.uk,false,NULL,false,false
theverge.com,true,NULL,false,false
thisamericanlife.org,true,NULL,false,false
thisav.com,true,NULL,false,false
thisoldhouse.com,true,2026-08-24,false,false
thisvid.com,true,2026-08-24,false,false
tiktok.com,true,2026-08-24,false,false
tlc.com,true,NULL,false,false
tmz.com,true,2026-08-24,false,false
tnaflix.com,true,2026-08-24,false,false
toggo.de,false,NULL,false,false
tokfm.pl,true,2026-08-24,false,false
toongoggles.com,true,NULL,false,false
tou.tv,false,NULL,false,false
toutiao.com,true,2026-08-24,false,false
toypics.net,true,NULL,false,false
travelchannel.com,true,NULL,false,false
trtworld.com,true,NULL,false,false
trueid.id,true,NULL,false,false
trunews.com,true,NULL,false,false
truthsocial.com,true,2026-08-24,false,false
tube8.com,true,NULL,false,false
tubitv.com,true,NULL,false,false
tugraz.at,true,2026-08-24,false,false
tum.de,true,2026-08-24,false,false
tumblr.com,true,NULL,false,false
tunein.com,true,2026-08-24,false,false
tv2.no,true,NULL,false,false
tv2bornholm.dk,false,NULL,false,false
tv2play.hu,false,NULL,false,false
tv3.lt,false,NULL,false,false
tv4.se,false,NULL,false,false
tv5monde.com,true,NULL,false,false
tv5unis.ca,true,2026-08-24,false,false
tv8.it,true,2026-08-24,false,false
tvanouvelles.ca,true,2026-08-24,false,false
tvaplus.ca,true,NULL,false,false
tvc.ru,true,2026-08-24,false,false
tver.jp,true,NULL,false,false
tvigle.ru,true,NULL,false,false
tvn24.pl,true,NULL,false,false
tvnoe.cz,true,2026-08-24,false,false
tvo.org,true,2026-08-24,false,false
tvp.pl,true,2026-08-24,false,false
tvplay.lv,true,NULL,false,false
tvsyd.dk,true,NULL,false,false
tvw.org,true,NULL,false,false
tweakers.net,true,NULL,false,false
twentythree.net,true,2026-08-24,false,false
twimg.com,true,NULL,false,false
twitcasting.tv,false,NULL,false,false
twitch.tv,true,2026-08-24,false,false
twitter.com,true,2026-08-24,false,false
twitter:shortener,false,NULL,false,false
txxx.com,true,2026-08-24,false,false
udemy.com,true,NULL,true,false
udn.com,false,NULL,false,false
ukcolumn.org,false,NULL,false,false
uliza.jp,true,2026-08-24,false,false
ulizaportal.jp,false,NULL,false,false
ultimedia.com,false,NULL,false,false
un.org,true,2026-08-24,false,false
uni-hamburg.de,false,NULL,false,false
unistra.fr,true,NULL,false,false
united.cloud,true,2026-08-24,false,false
unity3d.com,true,NULL,false,false
universal-music.de,true,2026-08-24,false,false
uol.com.br,true,NULL,false,false
uplynk.com,false,NULL,false,false
uplynk:preplay,false,NULL,false,false
upskillcourses.com,false,NULL,false,false
uqload.com,true,NULL,false,false
urplay.se,false,NULL,false,false
usanetwork.com,false,NULL,false,false
usatoday.com,true,NULL,false,false
ustream.tv,true,NULL,false,false
ustudio.com,true,NULL,false,false
varzesh3.com,true,2026-08-23,false,false
vbox7.com,true,2026-08-24,false,false
veo.co,true,NULL,false,false
vevo.com,true,NULL,false,false
vgtv.no,true,2026-08-24,false,false
vh1.com,false,NULL,false,false
vhx:embed,false,NULL,false,false
vice.com,true,NULL,false,false
vid.ly,true,2026-08-24,false,false
viddler.com,true,NULL,false,false
videa.hu,true,2026-08-24,false,false
video.google:search,false,NULL,false,false
videoken.com,false,NULL,false,false
videolectures.net,false,NULL,false,false
videopress.com,true,2026-08-24,false,false
vidio.com,true,2026-08-24,false,false
vidlii.com,true,2026-08-24,false,false
vids.io,true,NULL,false,false
vidyard.com,true,2026-08-24,false,false
viewsb.com,true,NULL,false,false
vimeo.com,true,2026-08-24,false,false
vimeopro.com,true,NULL,false,false
viqeo.tv,true,NULL,false,false
visir.is,true,2026-08-24,false,false
viu.com,true,NULL,false,false
vk.com,true,2026-08-24,false,false
vkplay.live,false,NULL,false,false
vocaroo.com,true,2026-08-24,false,false
vod-platform.net,true,NULL,false,false
voicy.jp,false,NULL,false,false
volej.tv,true,2026-08-24,false,false
vpro.nl,false,NULL,false,false
vrt.be,true,NULL,false,false
vtm.be,true,NULL,false,false
vtv.vn,true,NULL,false,false
vtvgo.vn,true,NULL,false,false
vtxtv.ch,false,NULL,false,false
w.-,false,NULL,false,false
walla.co.il,false,NULL,false,false
waly.tv,false,NULL,false,false
washingtonpost.com,true,2026-08-24,false,false
wat.tv,false,NULL,false,false
wdr.de,true,2026-08-24,false,false
wdrmaus.de,true,2026-08-24,false,false
weather.com,true,2026-08-24,false,false
webcamera.pl,true,2026-08-24,false,false
webcaster.pro,true,NULL,false,false
webex.com,false,NULL,false,false
webofstories.com,true,2026-08-24,false,false
weibo.com,true,2026-08-24,false,false
weiqitv.com,true,NULL,false,false
wetv.vip,true,2026-08-24,false,false
weverse.io,true,2026-08-24,false,false
wevidi.net,true,NULL,false,false
whowatch.tv,false,NULL,false,false
whyp.it,true,2026-08-24,false,false
wikimedia.org,true,2026-08-24,false,false
wim.tv,false,NULL,false,false
wimbledon.com,true,NULL,false,false
winsports.co,false,NULL,false,false
wired.com,true,2026-08-24,false,false
wistia.net,false,NULL,false,false
wordpress:mb.miniAudioPlayer,false,NULL,false,false
wordpress:playlist,false,NULL,false,false
worldstarhiphop.com,true,NULL,false,false
wp.pl,true,NULL,false,false
wrestle-universe.com,false,NULL,false,false
wsj.com,true,2026-08-24,false,false
wwe.com,true,NULL,false,false
wyborcza.pl,true,2026-08-24,false,false
wykop.pl,true,2026-08-23,false,false
x-minus.org,true,NULL,false,false
xanimu.com,true,NULL,false,false
xboxclips.com,true,NULL,false,false
xhamster.com,true,2026-08-24,false,false
xiaohongshu.com,true,NULL,false,false
ximalaya.com,true,2026-08-24,false,false
xinpianchang.com,true,NULL,false,false
xnxx.com,true,2026-08-24,false,false
xvideos.com,true,2026-08-24,false,false
xxxymovies.com,true,2026-08-24,false,false
yadi.sk,true,NULL,false,false
yahoo.co.jp,false,NULL,false,false
yahoo.com,true,2026-08-24,false,false
yahoo:search,false,NULL,false,false
yandex.ru,true,NULL,false,false
yapfiles.ru,true,NULL,false,false
yappy.media,true,2026-08-24,false,false
yfanefa.com,true,2026-08-24,false,false
yle.fi,true,2026-08-24,false,false
youjizz.com,true,2026-08-24,false,false
youku.com,true,2026-08-24,false,false
younow.com,true,NULL,false,false
youporn.com,true,2026-08-23,false,false
yourupload.com,true,NULL,false,false
youtu.be,false,NULL,false,false
youtube.com,true,2026-08-23,false,false
youtube:favorites,false,NULL,false,false
youtube:history,false,NULL,false,false
youtube:notif,false,NULL,false,false
youtube:search,false,NULL,false,false
youtube:subscriptions,false,NULL,false,false
youtube:user,false,NULL,false,false
youtube:watchlater,false,NULL,false,false
zaiko.io,false,NULL,false,false
zan-live.com,true,NULL,false,false
zapiks.fr,true,2026-08-24,false,false
zattoo.com,false,NULL,false,false
zdf.de,true,2026-08-24,false,false
zenporn.com,true,2026-08-24,false,false
zetland.dk,true,NULL,false,false
zhihu.com,true,2026-08-24,false,false
zing.vn,true,NULL,false,false
zingmp3.vn,false,NULL,false,false
zoom.us,true,2026-08-24,false,false
zype.com,true,2026-08-24,false,false
